species,trial,date,hhmmss,treatment,replicate,E,Emm,A,Ca,Ci,gsw,TleafEB,TleafCnd,RHcham,VPDleaf,LatHFlux,SenHFlux,Qin,S,Tair,Tleaf
S,1,20211019 10:31:18,10:31:18,c,1,0.000736357,0.736356888,5.633142851,416.46,298.3133059,0.081122773,21.44197962,20.6366,65.17758552,0.912527663,-32.47333874,-84.76312503,1500,3,19.9867,20.6366
S,1,20211019 10:38:41,10:38:41,c,2,0.001643244,1.643243941,7.130388189,415.05,346.6878374,0.188270832,21.17808721,20.5361,65.06731527,0.898780889,-72.46705781,-69.5391558,1500,3,20,20.5361
S,1,20211019 10:43:51,10:43:51,c,3,0.000278548,0.278548262,3.4791034,417.624,225.849565,0.029951218,21.60497795,20.6968,65.04384381,0.924118789,-12.28397838,-90.92925043,1500,3,19.9932,20.6968
S,1,20211019 10:51:07,10:51:07,c,4,0.000744201,0.744201067,5.233552896,416.596,308.4822563,0.082778356,21.46231698,20.5659,65.02546101,0.904186767,-32.81926705,-73.25777954,1500,3,20.0004,20.5659
S,1,20211019 10:57:38,10:57:38,c,5,0.000784692,0.784691743,3.584633645,417.622,343.6491178,0.085406681,21.44289019,20.7011,65.03639474,0.924366075,-34.60490588,-91.29682745,1499.99,3,19.9993,20.7011
S,1,20211019 11:04:34,11:04:34,c,6,0.000443575,0.443575218,4.89573732,416.976,246.4338511,0.047759361,21.54732041,20.7214,65.11883089,0.926566251,-19.56166711,-94.812828,1499.99,3,19.988,20.7214
S,1,20211019 11:09:58,11:09:58,c,7,0.000720626,0.720626319,6.562188747,415.911,277.2075047,0.079815403,21.4588014,20.5812,65.01947225,0.907348124,-31.77962067,-76.41947498,1500,3,19.9927,20.5812
S,1,20211019 11:15:48,11:15:48,c,8,0.000310721,0.310720952,3.250356423,418.003,256.9307294,0.033550454,21.60178012,20.6872,65.08814431,0.920903244,-13.70279397,-88.73824969,1499.99,3,20.0009,20.6872
S,1,20211019 11:24:49,11:24:49,c,9,0.00123105,1.23104958,7.783128015,414.999,317.7732655,0.139219279,21.30326473,20.5239,64.92004958,0.900544257,-54.28928649,-68.29417794,1500,3,19.9986,20.5239
S,1,20211019 11:32:22,11:32:22,c,10,0.002000273,2.000273218,11.46094941,412.674,332.5948865,0.256239226,21.06930418,19.9999,65.21964818,0.816193145,-88.21204893,-0.051688709,1500,3,19.9995,19.9999
S,1,20211019 11:47:17,11:47:17,a,1,0.004117442,4.117441865,12.32159666,411.572,369.4763921,0.591066555,20.39998601,19.7324,65.0855845,0.781032067,-181.5791862,34.10032583,1500,3,19.9965,19.7324
S,1,20211019 11:53:59,11:53:59,a,2,0.003105807,3.105806777,11.28787547,412.478,360.0588416,0.412112756,20.71927022,19.942,64.94784525,0.814293298,-136.9660789,7.269414346,1500.01,3,19.9982,19.942
S,1,20211019 11:56:59,11:56:59,a,3,0.004400272,4.400271545,15.13074406,409.845,360.9992334,0.618262689,20.2936818,19.8505,64.97628987,0.802187669,-194.0519752,16.62918271,1499.99,3,19.9793,19.8505
S,1,20211019 12:00:14,12:00:14,a,4,0.004221357,4.221357264,11.75566106,411.916,371.3932576,0.591066338,20.36906798,19.8264,64.81790547,0.800639538,-186.1618554,22.19376171,1500,3,19.9983,19.8264
S,1,20211019 12:02:33,12:02:33,a,5,0.004140756,4.140755531,14.2424786,410.471,360.7078786,0.566441006,20.38633364,19.9147,64.75104057,0.815928114,-182.6073189,9.392489669,1500,3,19.9879,19.9147
S,1,20211019 12:05:49,12:05:49,a,6,0.00458246,4.582460363,16.07415098,409.175,359.9328193,0.654197317,20.23863794,19.8237,65.10163821,0.79518194,-202.086502,20.35991115,1500,3,19.9815,19.8237
S,1,20211019 12:10:40,12:10:40,a,7,0.003749511,3.749511482,14.47123135,410.395,352.7879612,0.483792107,20.52235466,20.1598,64.76823455,0.84978372,-165.3534564,-20.2396522,1500,3,20.0031,20.1598
S,1,20211019 12:16:24,12:16:24,a,8,0.002967007,2.967006507,12.32104819,411.88,351.0998584,0.380830609,20.75446653,20.0623,64.80112884,0.836273497,-130.8449869,-9.702190788,1499.99,3,19.987,20.0623
S,1,20211019 12:18:26,12:18:26,a,9,0.004077717,4.077716856,12.22088751,411.669,367.7153827,0.557474021,20.36580346,19.8505,64.59948425,0.813492199,-179.8273133,13.33015948,1500.01,3,19.9529,19.8505
S,1,20211019 12:25:29,12:25:29,a,10,0.004054292,4.054292483,16.09412256,409.381,351.8301406,0.542831279,20.42010461,20.041,64.95159153,0.828754848,-178.7942985,-5.753945972,1500,3,19.9964,20.041
S,1,20211026 10:37:16,10:37:16,a,1,0.003641118,3.641118402,11.07029812,412.28,362.8648876,0.439793157,20.5449486,20.3754,64.74268897,0.884080247,-160.5733215,-49.85322925,1499.99,3,19.9828,20.3754
S,1,20211026 11:18:42,11:18:42,a,2,0.002794058,2.794058481,11.41857732,412.496,348.5419245,0.333094144,20.7673063,20.2389,64.42329478,0.875695707,-123.217979,-38.49822864,1500,3,19.9368,20.2389
S,1,20211026 10:49:54,10:49:54,a,3,0.003650106,3.650105888,9.467128476,413.585,370.6885899,0.442569013,20.56279265,20.3305,64.49605769,0.881234104,-160.9696697,-41.50305098,1500,3,20.0039,20.3305
S,1,20211026 10:55:14,10:55:14,a,4,0.002603272,2.603272304,6.524301025,415.404,372.5732707,0.29884134,20.90781645,20.5196,64.73578854,0.902163795,-114.8043086,-63.91355823,1500.01,3,20.0205,20.5196
S,1,20211026 10:57:14,10:57:14,a,5,0.004216502,4.216502068,14.02420053,410.486,361.0279754,0.56325696,20.34828904,19.9499,64.84480825,0.820388208,-185.9477412,2.725645446,1499.99,3,19.9713,19.9499
S,1,20211026 11:03:05,11:03:05,a,6,0.00390752,3.907519649,11.33016891,412.226,368.2746428,0.516465096,20.45040614,19.9578,64.84270842,0.821422571,-172.3216165,1.927988458,1500,3,19.973,19.9578
S,1,20211026 11:05:25,11:05:25,a,7,0.003676085,3.676085134,12.0007798,411.834,361.3961763,0.465455212,20.50595002,19.971,63.84552148,0.848290741,-162.1153544,-1.93334693,1500.01,3,19.9558,19.971
S,1,20211026 11:07:39,11:07:39,a,8,0.003173569,3.17356868,11.75750105,412.093,357.8864782,0.414967675,20.6734633,19.8115,64.35249761,0.812750605,-139.9543788,19.21389228,1500,3,19.9626,19.8115
S,1,20211026 11:09:58,11:09:58,a,9,0.004690511,4.690511386,15.87741241,409.323,360.3928058,0.653479085,20.19688668,19.805,64.7809775,0.800957419,-206.8515521,21.22001164,1500,3,19.9714,19.805
S,1,20211026 11:12:35,11:12:35,a,10,0.004393099,4.393098547,11.29823998,412.042,374.2263479,0.619323022,20.28643522,19.7061,64.81663601,0.786513571,-193.7356459,32.95782849,1499.99,3,19.9653,19.7061
S,1,20211030 11:32:01,11:32:01,c,1,0.002225152,2.225151792,7.969378316,414.663,346.4512688,0.215718343,26.05101364,24.7973,65.90276073,1.040230142,-98.12919403,31.75485397,1500,3,25.0458,24.7973
S,1,20211030 10:51:31,10:51:31,c,2,0.000867865,0.867865404,5.934743186,416.261,278.7243962,0.073623442,26.45215663,25.2887,65.49507397,1.150797081,-38.2728643,-35.22779559,1500,3,25.012,25.2887
S,1,20211030 11:04:28,11:04:28,c,3,0.001666636,1.666636102,7.424295665,415.146,338.7308235,0.174506816,26.18160713,24.1914,65.25655385,0.954993137,-73.49865211,102.7398911,1500,3,24.9971,24.1914
S,1,20211030 11:27:08,11:27:08,c,4,0.001644854,1.644853996,5.963539993,416.003,338.0016632,0.138819034,26.18821562,25.334,65.10107756,1.174295716,-72.53806122,-43.25391678,1500,3,24.9939,25.334
S,1,20211030 11:16:07,11:16:07,c,5,0.00157275,1.572750156,6.887737324,415.512,326.7074712,0.138370329,26.22301428,25.134,65.36403837,1.1264437,-69.35828186,-16.63069273,1500,3,25.0029,25.134
S,1,20211030 10:12:02,10:12:02,c,6,0.001361161,1.361160774,4.980633712,417.924,341.8569469,0.118395184,26.32074366,25.2227,65.52562907,1.134135803,-60.02719011,-23.71916723,1500,3,25.0362,25.2227
S,1,20211030 10:33:50,10:33:50,c,7,0.001243406,1.243405968,7.882917244,414.985,296.7729747,0.11529999,26.31459806,24.6457,64.48165578,1.063749858,-54.83420321,44.08850024,1500,3,24.9924,24.6457
S,1,20211030 10:40:44,10:40:44,c,8,0.000546168,0.546167626,3.546778155,417.752,277.754818,0.043075452,26.54664964,24.6618,59.25693157,1.231060237,-24.08599229,44.17865177,1500.01,3,25.0079,24.6618
S,1,20211030 10:16:45,10:16:45,c,9,0.001646298,1.646298397,5.608993514,415.837,342.0874046,0.13899739,26.21662197,25.18,64.05628973,1.174163591,-72.60175929,-19.77452074,1500,3,25.0248,25.18
S,1,20211030 10:22:59,10:22:59,c,10,0.000844621,0.844621343,4.770751214,416.88,298.9926906,0.069820976,26.44653523,25.4262,65.47217327,1.179781716,-37.24780124,-54.44952207,1499.99,3,24.9983,25.4262
S,1,20211102 11:25:48,11:25:48,a,1,0.002254946,2.254946029,8.159472757,414.517,357.5477687,0.266939144,20.98771482,20.4009,64.6414825,0.888471716,-99.44311987,-51.79680615,1500,3,20.0016,20.4009
S,1,20211102 11:16:34,11:16:34,a,2,0.00173016,1.730159781,6.384357899,415.696,354.8032469,0.192303446,21.14327084,20.6818,64.67121528,0.930850323,-76.30004636,-89.50584167,1499.99,3,19.9905,20.6818
S,1,20211102 11:21:03,11:21:03,a,3,0.001678065,1.678065272,5.924590014,416.045,360.0658964,0.195189473,21.16076531,20.4221,64.73906296,0.890206538,-74.00267852,-55.68352616,1500,3,19.9923,20.4221
S,1,20211102 11:40:48,11:40:48,a,4,0.001762905,1.762904522,10.15024852,413.48,327.0630177,0.208213843,21.1431443,20.3928,64.97974528,0.879113368,-77.74408941,-50.5075348,1500,3,20.0039,20.3928
S,1,20211102 11:30:15,11:30:15,a,5,0.002381213,2.381213046,10.96417297,412.834,345.3019625,0.297559749,20.94171235,20.139,64.76801894,0.847184009,-105.0114953,-18.3050953,1499.99,3,19.9984,20.139
S,1,20211102 11:50:00,11:50:00,a,6,0.002302737,2.302737346,7.398279291,415.004,370.1678631,0.314577322,20.97280247,19.6742,64.82889268,0.778091612,-101.5507169,42.76781226,1500,3,20.0033,19.6742
S,1,20211102 11:54:05,11:54:05,a,7,0.002530765,2.530765401,11.58004077,412.472,345.8022931,0.319900742,20.88536055,20.0846,64.71555056,0.841749667,-111.6067542,-12.94220704,1500,3,19.9847,20.0846
S,1,20211102 11:35:20,11:35:20,a,8,0.001053818,1.053818161,7.951632774,414.936,300.6269663,0.119319287,21.36198927,20.5635,65.22919459,0.899036748,-46.47338091,-73.1178027,1500,3,20.0005,20.5635
S,1,20211102 11:45:25,11:45:25,a,9,0.003048746,3.048746392,12.26475431,411.908,354.6867636,0.405436139,20.73698585,19.9352,64.88191881,0.814459312,-134.4497159,8.748950241,1500,3,20.0024,19.9352
S,1,20211102 11:59:59,11:59:59,a,10,0.001254549,1.254549069,6.833007025,415.563,340.2475578,0.160128789,21.29426387,19.9145,65.17968031,0.805119217,-55.32561396,10.53192253,1500,3,19.9956,19.9145
S,1,20211102 12:09:23,12:09:23,c,1,0.000459405,0.459405487,2.467058338,418.367,335.9732587,0.051798823,21.55689564,20.4307,64.79463273,0.889193551,-20.25978198,-55.32743446,1500,3,20.0028,20.4307
S,1,20211102 12:14:43,12:14:43,c,2,0.000240316,0.240315746,1.355411654,419.153,334.4266102,0.027453782,21.60337611,20.357,65.08843849,0.872709396,-10.59792439,-47.90860843,1500,3,19.9885,20.357
S,1,20211102 12:19:30,12:19:30,c,3,0.000308122,0.308121902,1.153081056,419.234,357.4369354,0.033168415,21.57223516,20.7075,65.05293863,0.927079039,-13.58817589,-94.89044378,1500,3,19.9767,20.7075
S,1,20211102 12:23:56,12:23:56,c,4,0.000219649,0.219648804,0.955324019,419.403,352.8195274,0.025118118,21.61187972,20.3545,65.1269826,0.871179815,-9.686512267,-47.25362567,1500,3,19.9912,20.3545
S,1,20211102 12:30:42,12:30:42,c,5,0.000525567,0.525567318,3.445879132,417.822,314.8796967,0.05718871,21.5265344,20.6755,64.96715667,0.922072882,-23.17751872,-87.76717534,1500,3,19.9999,20.6755
S,1,20211102 12:36:46,12:36:46,c,6,0.00029144,0.291439929,0.958491688,419.355,364.9687629,0.031758094,21.59439466,20.6759,65.27654785,0.915318772,-12.85250088,-88.4777406,1500,3,19.9952,20.6759
S,1,20211102 12:39:46,12:39:46,c,7,0.000398165,0.398164839,1.661414286,418.953,349.4704032,0.042129467,21.56005629,20.8035,64.87494365,0.944802593,-17.5590694,-105.5918527,1500,3,19.9871,20.8035
S,1,20211102 12:44:42,12:44:42,c,8,0.000319882,0.31988151,1.638855983,418.909,339.5256123,0.035727717,21.59487151,20.5021,65.07278337,0.893760127,-14.10677458,-65.23038408,1500,3,19.998,20.5021
S,1,20211102 12:49:27,12:49:27,c,9,0.000605836,0.605835831,3.459201077,417.744,327.639351,0.066288489,21.46795128,20.6384,65.00485663,0.91849003,-26.71736014,-87.10377513,1500.01,3,19.9693,20.6384
S,1,20211102 12:56:08,12:56:08,c,10,0.00057813,0.57812984,3.611971709,417.682,320.6439959,0.063866014,21.43812562,20.5556,65.01621773,0.909198321,-25.49552594,-81.16562421,1500,3,19.9332,20.5556
S,2,20211109 11:00:28,11:00:28,a,1,0.003023986,3.023985621,9.943546755,413.021,369.2280635,0.441918109,20.74265775,19.5131,65.29623021,0.744982857,-133.3577659,62.32162539,1500,3,19.9953,19.5131
S,2,20211109 11:05:06,11:05:06,a,2,0.001699374,1.699374116,9.303073496,413.968,330.3848393,0.197649219,21.17458353,20.4683,65.07258399,0.887842847,-74.94239853,-59.41689466,1499.96,3,20.0073,20.4683
S,2,20211109 11:10:43,11:10:43,a,3,0.001722719,1.722719045,9.968404936,413.518,329.5484323,0.210555074,21.1533642,20.1811,65.03800627,0.84719027,-75.97190989,-23.85113704,1500,3,19.9966,20.1811
S,2,20211109 11:12:50,11:12:50,a,4,0.002083112,2.083111576,9.545236694,413.715,342.8212267,0.244496883,21.04662346,20.4035,64.64777399,0.888691416,-91.86522051,-51.84834062,1499.99,3,20.0018,20.4035
S,2,20211109 11:19:01,11:19:01,a,5,0.002504389,2.504389324,10.94220928,412.827,346.7644954,0.305356662,20.89567073,20.3134,65.08134948,0.866471012,-110.4435692,-42.22022262,1500,3,19.988,20.3134
S,2,20211109 11:21:35,11:21:35,a,6,0.003038097,3.038096793,13.00738292,411.474,345.8399176,0.37034383,20.75253745,20.351,64.7013469,0.878885736,-133.9800686,-44.10329466,1500.01,3,20.0099,20.351
S,2,20211109 11:24:17,11:24:17,a,7,0.003069459,3.069459499,11.48535496,412.353,357.9029069,0.401634469,20.73321898,20.048,65.16831266,0.824150275,-135.3631639,-5.949203235,1500,3,20.0021,20.048
S,2,20211109 11:26:27,11:26:27,a,8,0.004596437,4.596437313,16.8697127,408.783,364.0550979,0.767308209,20.23950287,19.1517,65.27283113,0.695627102,-202.7028855,108.1746308,1500,3,19.9875,19.1517
S,2,20211109 11:28:46,11:28:46,a,9,0.003248816,3.24881635,9.933963042,413.257,366.8847493,0.418292151,20.68135595,20.0755,64.6245242,0.840546401,-143.272801,-8.988492081,1500,3,20.0061,20.0755
S,2,20211109 11:32:28,11:32:28,a,10,0.002383718,2.383717586,11.71476251,412.372,339.5126764,0.293014776,20.94003916,20.2471,65.04779988,0.857428616,-105.1219455,-33.32324505,1500,3,19.9885,20.2471
S,2,20211109 11:38:31,11:38:31,c,1,0.000428752,0.428751805,2.941054177,418.103,311.572908,0.046954451,21.5666482,20.5838,64.84482315,0.910798111,-18.90795461,-75.04869402,1500.01,3,20.0037,20.5838
S,2,20211109 11:43:09,11:43:09,c,2,0.000596678,0.596678106,4.542280941,417.796,302.7358186,0.066953964,21.34630577,20.4469,64.96800288,0.891741407,-26.31350447,-69.24956431,1500,2.25,19.9582,20.4469
S,2,20211109 11:50:12,11:50:12,c,3,0.000989727,0.989727205,3.748399517,418.176,356.5666667,0.109415306,21.27536294,20.5999,64.84708224,0.91293461,-43.64696972,-84.5107946,1500,2.25,20.0061,20.5999
S,2,20211109 11:46:49,11:46:49,c,4,0.000647854,0.647853578,4.40899137,417.215,309.8097434,0.070149553,21.48805857,20.7155,65.0917285,0.925762085,-28.57034277,-93.35268836,1500,3,19.9938,20.7155
S,2,20211109 11:54:16,11:54:16,c,5,0.00070899,0.708989526,4.628838487,417.062,313.3125251,0.07651941,21.46857652,20.7388,65.05128274,0.930194721,-31.2664381,-96.36091441,1500,3,19.9942,20.7388
S,2,20211109 11:57:33,11:57:33,c,6,0.000887088,0.887088387,4.627493889,416.93,337.5022947,0.101979975,21.41657816,20.4369,65.32940271,0.878352658,-39.12059786,-57.09070069,1500,3,19.9945,20.4369
S,2,20211109 12:00:20,12:00:20,c,7,0.001558529,1.558529491,7.095741436,415.375,353.9349906,0.208633976,21.19113008,19.7168,65.38713825,0.772645298,-68.73115057,35.03358855,1500,3,19.9868,19.7168
S,2,20211109 12:02:49,12:02:49,c,8,0.000804667,0.804667047,4.104947404,417.338,337.2779418,0.08967027,21.4367182,20.5856,65.22092425,0.903462857,-35.48581678,-76.8812592,1500,3,19.9908,20.5856
S,2,20211109 12:05:27,12:05:27,c,9,0.000659317,0.659316646,3.294646746,417.845,341.3962503,0.075299802,21.49316464,20.384,64.9494123,0.878802552,-29.07586407,-49.49612671,1500,3,20.0009,20.384
S,2,20211109 12:09:49,12:09:49,c,10,0.000886334,0.886334172,3.180181237,417.863,360.7382673,0.100704207,21.36682528,20.4686,65.2932713,0.888250478,-39.08733699,-67.30168404,1500,3,19.9488,20.4686
S,2,20211116 10:44:27,10:44:27,c,1,0.000804358,0.804358408,7.326517964,416.458,306.4044156,0.112990568,21.31911198,19.9064,68.72687641,0.720491934,-35.4722058,13.05299879,1500,2.25,19.998,19.9064
S,2,20211116 11:30:54,11:30:54,c,2,0.000874948,0.874947894,3.310063854,418.347,363.353282,0.10833313,21.27736843,19.9278,64.86992586,0.81674019,-38.58520211,5.951836705,1500,2.25,19.9698,19.9278
S,2,20211116 11:16:27,11:16:27,c,3,0.000437736,0.437735511,4.231056411,417.786,264.1370462,0.045998657,21.37173995,20.7633,64.68471911,0.949618743,-19.30413602,-118.0228856,1500,2.4,19.9183,20.7633
S,2,20211116 11:01:25,11:01:25,c,4,0.000548848,0.548847961,4.232488139,416.932,305.0092042,0.064144286,21.51534662,20.2777,65.19157969,0.858690475,-24.20419507,-37.5035913,1500,3,19.9872,20.2777
S,2,20211116 11:04:29,11:04:29,c,5,0.000603969,0.603969235,4.29232386,416.946,308.898397,0.06770514,21.50111694,20.5145,65.09749583,0.895713374,-26.63504325,-67.63185539,1500,3,19.9908,20.5145
S,2,20211116 11:08:54,11:08:54,c,6,0.000494019,0.494018922,3.749556794,418.121,304.5560542,0.055899279,21.35717051,20.398,65.04938085,0.883876772,-21.78623448,-64.53147888,1500,2.25,19.9443,20.398
S,2,20211116 11:19:37,11:19:37,c,7,0.000433039,0.433039117,3.539409112,417.785,288.246755,0.046019083,21.54502941,20.6804,64.28444135,0.939700657,-19.09702507,-89.6872748,1500,3,19.9906,20.6804
S,2,20211116 11:22:58,11:22:58,c,8,0.000640527,0.640526651,3.952351844,417.454,317.2308794,0.067751464,21.49729099,20.81,64.70632986,0.948643111,-28.24722532,-104.7829013,1500,3,19.9988,20.81
S,2,20211116 11:26:03,11:26:03,c,9,0.00044371,0.443710062,2.774327207,418.206,319.989939,0.048321605,21.57023817,20.5488,64.29853344,0.917609489,-19.56761373,-69.4559159,1500.03,3,20.0119,20.5488
S,2,20211116 10:50:32,10:50:32,c,10,0.000889183,0.889183247,5.044718526,416.512,328.2125492,0.099249873,21.37497346,20.5845,65.07145447,0.905186449,-39.21298118,-77.61443915,1500,2.7,20.0079,20.5845
S,2,20211116 11:38:16,11:38:16,a,1,0.003550457,3.550456919,13.60226467,410.941,350.8141545,0.431903629,20.55126009,20.441,64.83080971,0.893105826,-156.5751501,-60.93954802,1500,3,19.9685,20.441
S,2,20211116 11:43:56,11:43:56,a,2,0.002045274,2.045274213,7.588624278,414.935,358.4494483,0.249089957,21.05775297,20.2102,64.74171458,0.858246074,-90.1965928,-27.26579125,1500.02,3,19.9984,20.2102
S,2,20211116 11:47:18,11:47:18,a,3,0.003740277,3.74027704,11.16354419,412.421,370.0164576,0.525767853,20.51289597,19.7253,64.75831127,0.788220387,-164.9462175,34.3177094,1500,3,19.9909,19.7253
S,2,20211116 11:50:24,11:50:24,a,4,0.002253217,2.253216909,12.51716477,411.996,338.5998235,0.309021517,20.97475066,19.6541,65.02906087,0.771989814,-99.36686568,43.27391934,1500,3,19.9878,19.6541
S,2,20211116 11:57:01,11:57:01,a,5,0.003266146,3.266146035,10.24299023,413.013,365.5197744,0.419890326,20.67428189,20.1327,64.89662915,0.842546135,-144.0370401,-16.47121106,1500,3,20.0058,20.1327
S,2,20211116 12:00:24,12:00:24,a,6,0.004194051,4.194051037,12.80857424,411.286,369.9386827,0.628181808,20.37244952,19.5653,65.18933027,0.755106255,-184.9576507,55.20757953,1500,3,19.993,19.5653
S,2,20211116 12:06:25,12:06:25,a,7,0.002219362,2.219362265,8.274197922,414.491,358.2649701,0.273966172,21.00827476,20.169,64.7640998,0.851060198,-97.87387586,-21.14649971,1499.99,3,20.0049,20.169
S,2,20211116 12:09:34,12:09:34,a,8,0.002964391,2.964390544,10.90281517,412.697,360.3608643,0.397172222,20.77244404,19.8341,64.64804734,0.804906869,-130.729623,22.38362481,1500,3,20.0071,19.8341
S,2,20211116 12:13:08,12:13:08,a,9,0.004122721,4.122721066,11.03843437,412.372,375.6868611,0.619358451,20.38438911,19.4667,64.79959815,0.751138775,-181.811999,67.05265246,1500,3,19.984,19.4667
S,2,20211116 12:17:14,12:17:14,a,10,0.002210764,2.210763967,10.39410035,413.231,343.592978,0.271864813,20.99975131,20.2605,65.26315826,0.853395261,-97.49469093,-33.93028051,1500,3,19.9986,20.2605
S,2,20211123 08:49:04,08:49:04,c,1,0.000722745,0.7227448,4.029661322,416.028,325.1879479,0.076739437,21.32110735,20.8095,65.02812556,0.943282736,-31.87304569,-118.7829715,1500,2.25,19.9748,20.8095
S,2,20211123 08:53:40,08:53:40,c,2,0.000773591,0.773590936,3.549848662,417.439,353.8876408,0.098604049,21.31335595,19.7601,64.93538597,0.789978288,-34.1153603,31.4344897,1500,2.25,19.9811,19.7601
S,2,20211123 08:56:46,08:56:46,c,3,0.000764749,0.764748548,2.876841736,418.152,356.7472563,0.083931611,21.33708596,20.6357,65.04393976,0.914099078,-33.72541099,-90.12782929,1500,2.25,20.0018,20.6357
S,2,20211123 09:01:48,09:01:48,c,4,0.000542797,0.542797156,3.571574542,417.571,318.4128529,0.061598277,21.51927836,20.4244,65.14873392,0.881403337,-23.93735459,-56.34392497,1500,3,19.9874,20.4244
S,2,20211123 09:05:33,09:05:33,c,5,0.000498459,0.498459495,3.173445298,418.118,315.9591778,0.053098269,21.47548902,20.8036,65.21666074,0.936379178,-21.98206375,-109.4339497,1500,2.7,19.9916,20.8036
S,2,20211123 09:11:24,09:11:24,c,6,0.00067549,0.675489863,2.893540373,418.302,346.8741838,0.071566879,21.42769996,20.8429,65.07139146,0.945388548,-29.78910296,-114.0384661,1500,2.7,19.9955,20.8429
S,2,20211123 09:16:32,09:16:32,c,7,0.000563557,0.563557337,2.926050476,418.584,336.6050026,0.061944696,21.36313814,20.5997,65.15529428,0.90898108,-24.85287856,-89.46143495,1500,2.25,19.9711,20.5997
S,2,20211123 09:22:03,09:22:03,c,8,0.000652035,0.65203512,3.34462037,417.764,334.8636233,0.070253775,21.47016829,20.692,64.8276455,0.930235259,-28.7547488,-92.63482998,1500.01,3,19.9744,20.692
S,2,20211123 09:24:57,09:24:57,c,9,0.000641958,0.641958231,3.899439147,417.501,325.8187643,0.073263738,21.4521445,20.4133,65.31317478,0.878977291,-28.31035798,-59.2479167,1500,3,19.9549,20.4133
S,2,20211123 09:27:26,09:27:26,c,10,0.000720623,0.720622904,4.229762696,417.289,330.5928514,0.084422289,21.45656423,20.2808,65.22952907,0.858428495,-31.77947006,-38.21624797,1500,3,19.9854,20.2808
S,2,20211123 09:34:17,09:34:17,a,1,0.001993805,1.993804696,7.669012557,414.888,358.2016097,0.250021827,21.08763031,20.0846,65.00244954,0.832341175,-87.9267871,-9.21417349,1500,3,20.0131,20.0846
S,2,20211123 09:38:35,09:38:35,a,2,0.002434538,2.434538277,11.55722905,412.47,340.0420335,0.291428576,20.9314966,20.3731,64.85707238,0.879673205,-107.363138,-48.48370376,1500,3,19.9975,20.3731
S,2,20211123 09:46:55,09:46:55,a,3,0.002275124,2.275123732,7.236486265,415.091,367.6579482,0.289847716,20.98630504,20.0452,65.05038204,0.82649119,-100.3329566,-5.539070522,1500,3,20.0023,20.0452
S,2,20211123 09:52:12,09:52:12,a,4,0.002024868,2.024867585,10.76393785,413.062,335.2687456,0.248626057,21.06147999,20.226,65.20079287,0.84977869,-89.29666051,-29.36047285,1500,3,19.9986,20.226
S,2,20211123 09:55:05,09:55:05,a,5,0.002427788,2.427788031,11.0999686,412.751,349.5625177,0.324098105,20.93828297,19.8483,65.1940706,0.794996166,-107.0654522,19.23136646,1500.01,3,19.998,19.8483
S,2,20211123 10:03:20,10:03:20,a,6,0.000926922,0.926922387,4.754875069,416.916,332.9383009,0.099121757,21.40961384,20.8304,65.03464237,0.943613042,-40.87727727,-106.998392,1500,3,20.0033,20.8304
S,2,20211123 10:11:35,10:11:35,a,7,0.001672454,1.672453868,6.520812742,415.679,353.0226852,0.189802013,21.17155837,20.6495,65.42647173,0.907511596,-73.7552156,-84.12065677,1500,3,19.9985,20.6495
S,2,20211123 10:18:33,10:18:33,a,8,0.00200376,2.003759592,7.15294043,415.179,365.9545605,0.271815103,21.06752869,19.6478,64.8814829,0.773647248,-88.36579799,45.11092185,1500,3,19.9974,19.6478
S,2,20211123 10:25:04,10:25:04,a,9,0.003814485,3.814484746,14.51909385,410.371,360.3218243,0.568115319,20.49488463,19.5037,65.0456783,0.749294436,-168.2187773,64.05649266,1500,3,19.9978,19.5037
S,2,20211123 10:30:41,10:30:41,a,10,0.002250231,2.250230906,10.34371474,413.243,342.4745977,0.266329622,20.98913879,20.4103,64.85062301,0.884790168,-99.23518297,-52.88949268,1499.99,3,20.0034,20.4103
P,1,20220208 09:41:47,09:41:47,c,1,0.004690296,4.690296062,19.06506182,406.227,341.4785891,0.572136161,20.21094977,19.8563,60.25147911,0.91290625,-206.8420563,17.21939552,1499.99,3,19.989,19.8563
P,1,20220208 09:45:27,09:45:27,c,2,0.004347838,4.347837874,18.7390224,407.33,338.0341085,0.517898559,20.33236255,19.9309,60.15256949,0.924815264,-191.7396503,9.291954853,1500,3,20.0026,19.9309
P,1,20220208 09:50:58,09:50:58,c,3,0.003958616,3.958615825,19.74091439,407.068,326.1435673,0.456883741,20.45432976,19.9902,59.74481672,0.9432531,-174.5749579,1.197085288,1500,3,19.9995,19.9902
P,1,20220208 09:54:19,09:54:19,c,4,0.004531775,4.531774886,18.44265471,407.791,343.6365899,0.55768292,20.27912307,19.7856,60.1766592,0.903008775,-199.8512725,28.41181585,1500,3,20.0059,19.7856
P,1,20220208 09:58:16,09:58:16,c,5,0.002568546,2.568546267,19.69354113,407.555,287.0442268,0.288955894,20.89208272,19.9877,60.13206874,0.933837956,-113.2728904,1.46936198,1500,3,19.9991,19.9877
P,1,20220208 10:04:47,10:04:47,c,6,0.003969605,3.969605425,18.80829276,407.713,331.175714,0.462807283,20.44099384,20.0008,60.19795125,0.935165722,-175.0595992,-1.641155183,1500,3,19.988,20.0008
P,1,20220208 10:09:50,10:09:50,c,7,0.00535091,5.350909628,19.58605456,406.9,350.3520651,0.695117228,20.00403924,19.6305,60.31914052,0.878943892,-235.9751146,46.3002668,1500.01,3,19.9892,19.6305
P,1,20220208 10:16:26,10:16:26,c,8,0.003954794,3.954794349,20.27213409,406.858,323.4423213,0.453789782,20.40448246,19.993,59.76326945,0.947502422,-174.4064308,-5.532442874,1500,3,19.9502,19.993
P,1,20220208 10:22:56,10:22:56,c,9,0.001965039,1.965038645,17.58273041,408.999,259.5723458,0.203158019,21.08112875,20.3693,59.83708995,0.996717228,-86.65820424,-47.75085011,1499.99,3,19.9995,20.3693
P,1,20220208 10:27:01,10:27:01,c,10,0.00553074,5.530739669,23.47539186,404.597,338.5111187,0.703676488,19.95092957,19.7217,60.00727303,0.89896512,-243.9056194,34.9870149,1499.99,3,19.9928,19.7217
P,1,20220208 10:30:56,10:30:56,a,1,0.004236676,4.236676215,16.35626478,409.094,345.1992381,0.493505098,20.38974008,20.0135,59.87813146,0.941508529,-186.8374211,1.157691129,1500.05,3,20.0225,20.0135
P,1,20220208 10:35:13,10:35:13,a,2,0.003106197,3.106196726,17.80339038,408.596,316.2457761,0.350851119,20.73234298,20.0697,60.24303544,0.94261698,-136.9832756,-8.242601384,1500,3,20.0054,20.0697
P,1,20220208 10:40:49,10:40:49,a,3,0.003992046,3.992045862,22.34588584,405.629,319.6989627,0.485574728,20.44735127,19.7858,60.31104921,0.900119426,-176.0492225,27.99116751,1500,3,20.0032,19.7858
P,1,20220208 10:45:04,10:45:04,a,4,0.003238436,3.238435727,20.53512234,406.927,306.157546,0.369734951,20.68372901,20.0034,60.13015535,0.936233649,-142.8150156,-0.653326589,1500,3,19.9983,20.0034
P,1,20220208 10:51:32,10:51:32,a,5,0.005244512,5.244511793,22.5197979,405.285,335.7992602,0.633512602,20.05134445,19.9238,59.73708586,0.933504222,-231.2829701,10.228102,1500,3,20.003,19.9238
P,1,20220208 10:55:12,10:55:12,a,6,0.006585496,6.585496376,24.08175399,404.036,348.3705534,0.898118545,19.62447693,19.5258,59.99708576,0.870746309,-290.4203902,61.02535272,1500,3,19.9993,19.5258
P,1,20220208 11:00:15,11:00:15,a,7,0.004289866,4.289865798,21.94726906,405.786,323.8738589,0.50496402,20.34186955,19.9596,59.98550516,0.933739847,-189.1830817,4.302145943,1500,3,19.9929,19.9596
P,1,20220208 11:04:20,11:04:20,a,8,0.00591201,5.912010015,22.09685614,405.305,347.5006066,0.775773217,19.82950528,19.6398,60.14284065,0.88421093,-260.7196417,45.41988272,1500.01,3,19.9914,19.6398
P,1,20220208 11:08:03,11:08:03,a,9,0.003978569,3.978568844,19.26490183,407.452,328.4932082,0.458090946,20.43759552,20.0821,60.23979396,0.945902817,-175.454886,-11.94180417,1500,3,19.9894,20.0821
P,1,20220208 11:12:27,11:12:27,a,10,0.002142934,2.142934029,15.67668464,410.054,299.9608749,0.250742554,21.005902,19.6459,59.93594444,0.890924908,-94.50339066,43.12735971,1500,3,19.98,19.6459
P,1,20220215 09:04:13,09:04:13,a,1,0.005213976,5.21397618,17.24512382,407.196,360.7830645,0.761347831,20.05268854,19.8325,64.68228448,0.804963091,-229.9363495,21.35442888,1499.99,3,19.9955,19.8325
P,1,20220215 09:08:24,09:08:24,a,2,0.003543655,3.543655009,18.42691967,407.658,334.5787839,0.471832587,20.57394349,20.0358,64.70139429,0.833707673,-156.2751859,-4.945112592,1500,3,19.9981,20.0358
P,1,20220215 09:14:34,09:14:34,a,3,0.00602879,6.028790063,18.81610868,407.185,364.9938456,0.948822578,19.80388576,19.6716,65.01741824,0.773607391,-265.8696418,43.02532864,1500,3,20,19.6716
P,1,20220215 09:18:54,09:18:54,a,4,0.006942076,6.942075583,20.40427127,406.11,367.8769953,1.187382923,19.48587261,19.4063,64.85373065,0.743061094,-306.1455332,73.32007355,1500,3,19.9659,19.4063
P,1,20220215 09:23:30,09:23:30,a,5,0.00505172,5.051719879,17.56882544,408.202,359.7834833,0.736784109,20.07185501,19.7854,64.62511054,0.802476211,-222.7808467,23.38595434,1500,3,19.9641,19.7854
P,1,20220215 09:27:03,09:27:03,a,6,0.005618243,5.618243044,19.03625317,407.195,360.6225212,0.846691955,19.90726929,19.7607,64.8686568,0.792165065,-247.7645183,28.28671317,1500,3,19.9754,19.7607
P,1,20220215 09:30:46,09:30:46,a,7,0.006108552,6.108551583,20.22826289,406.362,363.5149632,1.007809513,19.77347782,19.4701,64.96563044,0.746679191,-269.3871248,68.54328009,1500,3,19.9951,19.4701
P,1,20220215 09:35:34,09:35:34,a,8,0.004892406,4.892406397,18.24009122,407.856,356.7064397,0.716076455,20.14700099,19.8113,64.95334211,0.796043781,-215.7551221,23.52759794,1500,3,19.9903,19.8113
P,1,20220215 09:40:06,09:40:06,a,9,0.004075234,4.07523355,20.37709746,406.731,334.4436143,0.534655566,20.37582368,20.1511,64.55213654,0.857114126,-179.7177995,-24.380808,1500,3,19.9654,20.1511
P,1,20220215 09:45:47,09:45:47,a,10,0.004811281,4.811280728,15.37427475,409.602,365.6566724,0.714166874,20.17598887,19.6911,64.68381013,0.784756583,-212.1774801,39.88924565,1500,3,19.9943,19.6911
P,1,20220215 09:53:09,09:53:09,c,1,0.003340578,3.340578391,15.16017589,410.059,343.0784768,0.424590502,20.64597141,20.3217,65.1115906,0.865267189,-147.3195071,-41.32322595,1500,3,20.0062,20.3217
P,1,20220215 09:59:27,09:59:27,c,2,0.002471123,2.471123251,11.45361421,412.501,349.2294781,0.333677425,20.90019014,19.8641,65.12248489,0.79917154,-108.9765354,17.35329643,1500,3,19.9957,19.8641
P,1,20220215 10:04:08,10:04:08,c,3,0.00257471,2.574709918,13.57758266,411.195,335.1336524,0.325132429,20.87512764,20.2217,65.03345687,0.852940294,-113.5447074,-29.13832808,1500,3,20,20.2217
P,1,20220215 10:09:31,10:09:31,c,4,0.001818367,1.818367257,11.57687836,412.632,319.9958906,0.220541243,21.10399683,20.3358,65.11453351,0.86853285,-80.18999603,-44.99205734,1499.99,3,19.993,20.3358
P,1,20220215 10:14:02,10:14:02,c,5,0.001879634,1.87963433,12.5480018,412.001,315.3039646,0.228730853,21.10081474,20.3162,64.99518417,0.867366181,-82.89187395,-40.75322725,1500,3,20.0043,20.3162
P,1,20220215 10:20:34,10:20:34,c,6,0.001264323,1.264322675,11.1009872,413.001,283.2184694,0.146345329,21.28753531,20.5525,65.3045803,0.895325975,-55.75662997,-71.98298671,1500,3,20.0036,20.5525
P,1,20220215 10:26:40,10:26:40,c,7,0.001274177,1.274177438,11.49672623,412.794,277.1303602,0.144776152,21.28866837,20.6358,65.1454536,0.911854789,-56.19122499,-82.803027,1500,3,20.0005,20.6358
P,1,20220215 10:32:24,10:32:24,c,8,0.001107926,1.10792619,10.56600702,413.382,275.1313682,0.129937058,21.3405019,20.4103,65.04552101,0.880782842,-48.85954498,-53.68593538,1500,3,19.9974,20.4103
P,1,20220215 10:36:19,10:36:19,c,9,0.001185234,1.185233667,9.971941532,413.721,297.0996223,0.146673805,21.30647232,20.1572,65.28862286,0.837748557,-52.26880471,-20.96939177,1500.01,3,19.9972,20.1572
P,1,20220215 10:40:31,10:40:31,c,10,0.001845709,1.845708615,12.23561667,412.27,318.7996128,0.230906719,21.09952547,20.13,64.84432971,0.843972411,-81.39574991,-17.16991506,1500,3,19.9995,20.13
P,1,20220222 09:27:37,09:27:37,c,1,0.001065273,1.065272506,8.535843393,414.627,291.957392,0.118992013,21.35064603,20.5648,64.90165203,0.908624165,-46.9785175,-75.01945512,1500.01,3,19.9824,20.5648
P,1,20220222 09:14:46,09:14:46,c,2,0.001647057,1.647057115,8.609835256,414.407,332.6229239,0.187184139,21.18638653,20.5591,64.87006271,0.906701632,-72.63521876,-71.79275912,1500,3,20.0016,20.5591
P,1,20220222 09:37:19,09:37:19,c,3,0.002442379,2.442379033,11.65133228,412.371,341.6746463,0.301392856,20.92012675,20.2173,64.90636196,0.855869786,-107.7089154,-29.03524688,1500,3,19.9937,20.2173
P,1,20220222 09:47:41,09:47:41,c,4,0.001697267,1.697266611,11.30177469,412.818,315.3540213,0.20357068,21.15814172,20.289,65.09963603,0.862126169,-74.84945756,-38.41174232,1500.01,3,19.9913,20.289
P,1,20220222 09:09:14,09:09:14,c,5,0.000103961,0.103960971,1.345459818,419.104,235.1771211,0.012028864,21.66496668,20.2531,65.11460392,0.856168965,-4.584678835,-33.32824069,1499.99,3,19.9946,20.2531
P,1,20220222 09:42:38,09:42:38,c,6,0.001378912,1.378911562,10.33723371,413.483,300.6329407,0.158343513,21.22427059,20.4484,64.97707986,0.891403675,-60.80999987,-63.03401132,1499.99,3,19.9619,20.4484
P,1,20220222 09:32:09,09:32:09,c,7,0.002005201,2.005200555,11.07459885,412.875,332.6491625,0.247306702,21.06198913,20.1859,65.10408029,0.846637783,-88.42934448,-24.85650027,1500,3,19.9935,20.1859
P,1,20220222 08:58:52,08:58:52,c,8,0.000933006,0.933006409,10.22435591,413.372,244.5269883,0.101813754,21.41613241,20.6865,64.82178772,0.926445391,-41.14558262,-87.5654736,1500,3,20.0073,20.6865
P,1,20220222 08:52:29,08:52:29,c,9,0.001317561,1.317560656,10.94614298,411.779,288.9220478,0.153077971,21.24587061,20.3781,65.0019093,0.880677085,-58.10442494,-54.08824915,1500.01,3,19.9587,20.3781
P,1,20220222 09:22:11,09:22:11,c,10,0.0011129,1.112899637,9.29421947,414.169,283.9318438,0.121825045,21.36651055,20.799,65.46333914,0.927450161,-49.078874,-101.0108226,1500,3,20.0173,20.799
P,1,20220222 09:54:39,09:54:39,a,1,0.00455669,4.556690115,17.32174725,408.52,352.2549794,0.606479378,20.27522818,20.1654,64.97129427,0.845139836,-200.9500341,-20.0271488,1499.98,3,20.0105,20.1654
P,1,20220222 10:00:56,10:00:56,a,2,0.004684555,4.684555478,19.5796793,407.072,348.3200443,0.655875393,20.20342651,19.9002,64.90780321,0.810881389,-206.5888966,10.40641114,1499.97,3,19.9802,19.9002
P,1,20220222 10:06:28,10:06:28,a,3,0.006020538,6.02053813,22.71333692,404.854,351.9536334,0.88715444,19.80701138,19.7839,64.31153154,0.805989476,-265.5057315,28.32376809,1500,3,20.0028,19.7839
P,1,20220222 10:14:29,10:14:29,a,4,0.005892861,5.892860672,21.62762398,405.624,354.9745445,0.88466635,19.84078282,19.7581,64.82679033,0.790786927,-259.8751556,30.82782046,1500.01,3,19.9965,19.7581
P,1,20220222 10:20:17,10:20:17,a,5,0.005293064,5.293064021,17.81120121,407.941,359.5533808,0.75306122,20.00350834,19.8729,64.66981284,0.813426851,-233.4241233,12.62066512,1500,3,19.9705,19.8729
P,1,20220222 10:25:34,10:25:34,a,6,0.003367072,3.367072438,17.96950186,408.361,328.5566687,0.416666226,20.63122777,20.3202,64.79473047,0.873613619,-148.4878945,-42.30014819,1500,3,19.9942,20.3202
P,1,20220222 10:31:49,10:31:49,a,7,0.006993357,6.993356944,23.11432035,404.404,360.5137624,1.151336273,19.4724936,19.4919,64.7528357,0.756715825,-308.4070412,62.40933334,1500,3,19.9742,19.4919
P,1,20220222 10:39:09,10:39:09,a,8,0.004047437,4.047436939,20.67188433,406.635,335.69168,0.554629579,20.42142936,19.9829,65.32553425,0.811505051,-178.491969,1.785583401,1500.01,3,19.9967,19.9829
P,1,20220222 10:44:50,10:44:50,a,9,0.004330797,4.330796909,21.79168207,405.85,331.6415133,0.559930513,20.34760455,20.2791,65.00704137,0.860956914,-190.9881437,-34.57448997,1500,3,20.0112,20.2791
P,1,20220222 10:51:19,10:51:19,a,10,0.004029918,4.029917621,18.81369084,407.732,337.9529935,0.512928819,20.42138079,20.3068,65.0444817,0.866124018,-177.7193671,-40.85242726,1499.94,3,19.9905,20.3068
P,1,20220301 09:09:10,09:09:10,a,1,0.001331284,1.331284022,8.619383485,414.441,293.925614,0.123641621,21.26817243,20.2931,55.28282739,1.09300199,-58.70962539,-39.15624136,1500,3,19.9909,20.2931
P,1,20220301 09:13:04,09:13:04,a,2,0.006128755,6.128754851,17.89002676,407.739,358.1432362,0.748902542,19.72770772,19.2306,55.12368243,0.946943049,-270.2780889,93.94534733,1500,3,19.9579,19.2306
P,1,20220301 09:18:13,09:18:13,a,3,0.006284736,6.284735533,17.25337352,408.129,358.3336966,0.721044976,19.71426609,19.5722,54.68710906,1.002433332,-277.156837,54.48584809,1500,3,19.9929,19.5722
P,1,20220301 09:21:51,09:21:51,a,4,0.007008391,7.008390725,19.12586416,406.829,358.7744727,0.846605975,19.49646459,19.3638,54.54173255,0.975606741,-309.070031,82.68255906,1500,3,20.0032,19.3638
P,1,20220301 09:25:19,09:25:19,a,5,0.007659928,7.659927965,19.18728209,406.589,363.7824051,0.986961088,19.27243284,19.1006,54.61285959,0.938850214,-337.8028233,114.308158,1500,3,19.9831,19.1006
P,1,20220301 09:29:19,09:29:19,a,6,0.004896696,4.896695952,16.10460315,409.124,348.5046902,0.522611866,20.13821355,19.8882,55.25623661,1.0352908,-215.9442915,12.04282203,1500,3,19.981,19.8882
P,1,20220301 09:33:28,09:33:28,a,7,0.005250817,5.250817244,18.07741917,407.865,344.6294582,0.56340621,20.02694154,19.831,54.77424721,1.038354917,-231.5610405,19.44357913,1500,3,19.9808,19.831
P,1,20220301 09:39:24,09:39:24,a,8,0.004874658,4.8746578,17.70231054,408.185,340.6538273,0.509293744,20.15290731,19.9904,55.00124692,1.055558683,-214.972409,-0.385822653,1500.01,3,19.9874,19.9904
P,1,20220301 09:44:00,09:44:00,a,9,0.006860331,6.860331304,18.04678763,407.482,359.9794839,0.807468939,19.51924939,19.5167,54.73899505,0.994215027,-302.5406105,59.80503538,1499.99,3,19.982,19.5167
P,1,20220301 09:48:18,09:48:18,a,10,0.005684595,5.684594502,17.74998658,407.991,350.9648046,0.627494107,19.91191755,19.7872,55.11239342,1.022417134,-250.6906175,27.77206586,1500,3,20.0022,19.7872
P,1,20220301 09:55:15,09:55:15,c,1,0.003595667,3.595667383,8.562556412,413.979,365.7664898,0.353699824,20.55271957,20.2069,55.13755585,1.084032248,-158.5689316,-28.5185796,1499.99,3,19.9869,20.2069
P,1,20220301 09:58:48,09:58:48,c,2,0.001149703,1.149703246,5.220466782,416.582,321.3654973,0.096668468,21.30905144,20.8894,54.66381885,1.198508035,-50.70191315,-118.6132735,1500.01,3,19.9718,20.8894
P,1,20220301 10:02:50,10:02:50,c,3,0.002442835,2.442834714,7.563216074,414.934,352.9621981,0.229513012,20.95531069,20.2796,54.57262594,1.105428911,-107.7290109,-33.43758082,1500,3,20.0191,20.2796
P,1,20220301 10:09:48,10:09:48,c,4,0.000432416,0.432416477,3.547549283,417.706,256.3529831,0.036890627,21.55350356,20.7673,55.22764022,1.165060809,-19.06956666,-100.2748868,1500,3,19.9928,20.7673
P,1,20220301 10:15:20,10:15:20,c,5,0.000554111,0.55411084,4.861543316,416.979,248.3574821,0.048337795,21.52136697,20.6388,55.35369572,1.142425627,-24.43628805,-83.02942323,1499.99,3,19.9963,20.6388
P,1,20220301 10:18:47,10:18:47,c,6,0.002038169,2.03816922,9.405934126,413.898,325.8997523,0.191785205,21.06257665,20.292,55.18963423,1.094439961,-89.88326259,-37.71393736,1500,3,19.9982,20.292
P,1,20220301 10:21:51,10:21:51,c,7,0.003355736,3.355736472,8.288526102,414.209,364.5304339,0.329183096,20.64478147,20.1902,55.09688114,1.081492462,-147.9879784,-24.51388306,1500,3,19.9999,20.1902
P,1,20220301 10:25:09,10:25:09,c,8,0.000447261,0.447260817,3.971513623,417.577,241.8524043,0.037787136,21.56029907,20.8235,55.10541863,1.176605386,-19.72420205,-106.8026121,1500,3,19.9909,20.8235
P,1,20220301 10:29:01,10:29:01,c,9,0.000710893,0.710893176,5.535746305,416.545,265.0476602,0.061770813,21.41992046,20.6359,55.17790961,1.15035618,-31.35038908,-89.44819975,1500,3,19.9433,20.6359
P,1,20220301 10:32:30,10:32:30,c,10,0.000738156,0.738156249,4.1717418,417.323,304.130185,0.063522794,21.38966721,20.7088,55.22922466,1.161901399,-32.55269057,-101.681281,1500,3,19.9213,20.7088
P,2,20220315 08:42:03,08:42:03,c,1,0.003357659,3.357659066,18.45346809,407.832,315.8296272,0.366820045,20.64006229,20.2684,59.7666208,0.983626636,-148.0727648,-34.99757335,1500,3,19.9975,20.2684
P,2,20220315 08:48:38,08:48:38,c,2,0.000431139,0.431138576,5.98849009,416.26,174.5513852,0.040811883,21.53639711,20.755,59.86003107,1.056332678,-19.01321121,-101.1348234,1500.01,3,19.9722,20.755
P,2,20220315 08:53:27,08:53:27,c,3,0.002537252,2.537252489,17.01625482,409.142,298.6898604,0.27341961,20.89914715,20.2157,59.6850448,0.977148177,-111.8928348,-27.46392363,1500.01,3,20.0048,20.2157
P,2,20220315 09:00:23,09:00:23,c,4,0.00049238,0.492380076,7.664115336,415.302,150.837455,0.04765648,21.53719748,20.6809,60.22424604,1.034673996,-21.71396137,-88.82917666,1500,3,19.9943,20.6809
P,2,20220315 09:48:02,09:48:02,c,5,0.003078237,3.078236883,19.39802725,407.559,306.5226952,0.346734385,20.73041267,20.143,60.40963873,0.949691554,-135.7502466,-18.24328101,1500,3,20.0023,20.143
P,2,20220315 09:14:44,09:14:44,c,6,0.000821179,0.821179375,9.82177635,413.951,215.7042899,0.082685883,21.42419287,20.4299,60.0191253,1.002604041,-36.21401045,-57.46888991,1500,3,19.9862,20.4299
P,2,20220315 09:21:28,09:21:28,c,7,0.000366488,0.366488313,4.551344623,417.199,211.6266062,0.036583192,21.57099824,20.4468,60.18415497,1.000725142,-16.16213458,-58.96347369,1500,3,19.9922,20.4468
P,2,20220315 09:28:11,09:28:11,c,8,0.001169811,1.169811465,12.97374775,411.902,230.8942763,0.120814875,21.32482677,20.3474,60.16181585,0.985887575,-51.58868562,-45.21257985,1500,3,19.9991,20.3474
P,2,20220315 09:34:13,09:34:13,c,9,0.002292472,2.292472347,16.70418542,409.431,288.677351,0.243053019,20.96280964,20.2812,59.74903943,0.986812328,-101.0980305,-38.07546327,1500,3,19.9873,20.2812
P,2,20220315 09:40:31,09:40:31,c,10,0.002967161,2.967160698,19.57853414,407.561,303.1580487,0.337186299,20.76128997,20.0253,60.12420021,0.939558259,-130.8517868,-3.500842838,1500.01,3,19.9983,20.0253
P,2,20220315 09:52:41,09:52:41,a,1,0.007499208,7.499208368,20.17519013,406.022,364.1037153,1.063438615,19.3408773,19.5071,59.95990049,0.868684435,-330.715089,64.01674119,1500,3,20.0026,19.5071
P,2,20220315 09:56:23,09:56:23,a,2,0.009253168,9.253168437,21.44399626,404.944,371.0428281,1.534215223,18.78814618,19.0421,59.8581007,0.806168508,-408.0647281,124.0407703,1500,3,20.002,19.0421
P,2,20220315 10:00:43,10:00:43,a,3,0.008501532,8.501531979,22.50012308,404.475,365.0656468,1.314017772,19.02607,19.2213,59.77948951,0.832868738,-374.9175603,101.0218892,1500,3,20.0018,19.2213
P,2,20220315 10:06:48,10:06:48,a,4,0.008232628,8.232627504,21.12441651,405.275,365.4508257,1.20489482,19.1081342,19.4012,59.60991175,0.862427611,-363.0588729,77.34183503,1500,3,19.9972,19.4012
P,2,20220315 10:12:32,10:12:32,a,5,0.008020316,8.020316041,21.28814339,405.264,364.6635554,1.182006538,19.17525146,19.3269,59.53809215,0.853475262,-353.6959374,87.07979453,1500,3,19.9996,19.3269
P,2,20220315 10:18:46,10:18:46,a,6,0.00632573,6.325730074,18.14606829,407.559,360.8247751,0.817408242,19.69881398,19.7601,59.75853802,0.910466405,-278.9646963,29.82825474,1500,3,19.9909,19.7601
P,2,20220315 10:23:44,10:23:44,a,7,0.007401328,7.401327537,22.21323558,404.933,358.3994201,1.034570354,19.36954914,19.5747,60.07984916,0.875825841,-326.3985444,54.93061797,1500,3,19.9983,19.5747
P,2,20220315 10:27:26,10:27:26,a,8,0.00720565,7.20564994,25.26266816,403.126,348.7980542,0.979765374,19.41491452,19.5551,59.44071221,0.88986206,-317.7691624,55.26989945,1500,3,19.9772,19.5551
P,2,20220315 10:31:36,10:31:36,a,9,0.006597348,6.597347985,21.53961218,405.496,353.5283178,0.866125568,19.60229843,19.6999,59.68473368,0.90448669,-290.9430461,36.19948594,1500,3,19.9804,19.6999
P,2,20220315 10:37:31,10:37:31,a,10,0.008405513,8.405513267,23.00174213,404.175,362.6348383,1.25769237,19.05657534,19.3597,59.80220755,0.851633355,-370.6831351,83.15934051,1500,3,20.0024,19.3597
P,2,20220322 08:46:55,08:46:55,c,1,0.000525993,0.525992557,5.197271193,414.64,198.7769671,0.040033592,21.59957301,20.9379,49.84234517,1.311961375,-23.19627177,-112.6521339,1500.01,3,20.0669,20.9379
P,2,20220322 08:55:29,08:55:29,c,2,0.000251336,0.251335699,1.382917184,418.814,298.1825385,0.019613058,21.56593432,20.6518,49.96751723,1.273820199,-11.08390434,-90.69944648,1500,3,19.9539,20.6518
P,2,20220322 08:58:44,08:58:44,c,3,0.001448758,1.448758266,10.99874101,413.011,250.1128233,0.115335739,21.24024022,20.7591,50.44181931,1.276139582,-63.89023955,-98.71929788,1500,3,19.9919,20.7591
P,2,20220322 09:01:54,09:01:54,c,4,0.000731536,0.731536378,6.407569352,415.927,224.5126278,0.056134208,21.45169372,20.869,49.89366612,1.306119869,-32.26075425,-114.4114708,1500,3,19.9859,20.869
P,2,20220322 09:04:54,09:04:54,c,5,0.003998917,3.998917221,11.82431585,411.891,350.6811355,0.374730464,20.43021739,19.9375,50.73805836,1.14766483,-176.3522494,6.774589903,1500.01,3,19.9899,19.9375
P,2,20220322 09:08:22,09:08:22,c,6,0.002960329,2.960329292,14.26198257,410.786,308.9266827,0.252766417,20.74978111,20.372,50.09270767,1.226923002,-130.5505218,-50.2796981,1500,3,19.9837,20.372
P,2,20220322 09:12:02,09:12:02,c,7,0.000778818,0.778817813,6.441862547,415.941,239.7543888,0.061562502,21.42048617,20.6093,49.81951787,1.270148958,-34.34586557,-83.24557229,1499.99,3,19.9642,20.6093
P,2,20220322 09:15:31,09:15:31,c,8,0.000536432,0.536432491,5.168450425,416.729,207.0214486,0.041040192,21.50440545,20.8837,50.02165392,1.305874493,-23.65667284,-117.3592516,1500,3,19.9788,20.8837
P,2,20220322 09:18:42,09:18:42,c,9,0.002304757,2.30475676,11.00573463,412.816,309.0231025,0.189319217,20.9650588,20.5962,50.17617112,1.257901614,-101.6397731,-78.20738086,1500,3,19.9907,20.5962
P,2,20220322 09:22:49,09:22:49,c,10,0.002047806,2.047806322,13.10704762,411.625,274.2899093,0.166184143,21.05211161,20.6636,50.2177051,1.266689407,-90.3082588,-86.16422723,1500,3,19.9958,20.6636
P,2,20220322 09:29:27,09:29:27,a,1,0.002984231,2.984231301,14.64716755,410.55,306.6424085,0.254181832,20.76342996,20.354,49.75620959,1.23071984,-131.6046004,-45.30251776,1500,3,20.0034,20.354
P,2,20220322 09:36:33,09:36:33,a,2,0.008163286,8.163285751,19.00646267,406.676,357.4011384,0.836009548,19.08776148,19.7862,49.71740336,1.152152233,-360.0009016,22.11204669,1500,3,19.957,19.7862
P,2,20220322 09:32:52,09:32:52,a,3,0.005269544,5.269544396,16.82870701,408.577,339.0158185,0.472498239,20.03148912,20.3349,49.96328394,1.223917416,-232.3869079,-44.58580518,1500,3,19.9912,20.3349
P,2,20220322 09:40:23,09:40:23,a,4,0.004699313,4.699312959,17.7014074,408.2,327.6049942,0.417479204,20.21514359,20.2862,49.72294884,1.222060982,-207.2397015,-37.61312648,1499.99,3,19.9953,20.2862
P,2,20220322 09:43:41,09:43:41,a,5,0.007514087,7.514087014,18.53754956,407.137,355.5920152,0.763715695,19.30866073,19.7581,49.79816891,1.145051573,-331.3712373,27.88355935,1500.01,3,19.9733,19.7581
P,2,20220322 09:48:16,09:48:16,a,6,0.004613042,4.613041811,17.68217575,408.383,328.3269293,0.419379665,20.21233291,20.0926,49.75681725,1.19500974,-203.4351439,-16.45815972,1500,3,19.9653,20.0926
P,2,20220322 09:52:14,09:52:14,a,8,0.003791088,3.791088144,18.95045741,407.759,302.9295704,0.329883952,20.47648642,20.2895,49.70187128,1.224666169,-167.1869872,-41.12429074,1500,3,19.9728,20.2895
P,2,20220322 09:59:13,09:59:13,a,9,0.005369892,5.369892138,17.12272674,408.392,339.1505228,0.483892535,19.89517972,20.2515,49.89162839,1.220857388,-236.8122433,-47.51867134,1500,3,19.8864,20.2515
P,2,20220322 10:02:51,10:02:51,a,10,0.003769522,3.769522338,17.59065854,408.498,307.5682501,0.319125625,20.50184051,20.5493,49.96777327,1.255780957,-166.2359351,-72.42100582,1500,3,19.9904,20.5493
P,2,20220329 08:53:35,08:53:35,c,1,0.003492575,3.49257493,8.642184927,413.584,368.5062528,0.381942863,20.62170825,20.287,59.64039381,0.987129539,-154.0225544,-34.19647041,1500,3,20.0229,20.287
P,2,20220329 08:58:00,08:58:00,c,2,0.001165228,1.165227598,4.977933172,416.625,344.5004848,0.12317586,21.41929901,20.1594,59.48930186,0.965450785,-51.38653705,-8.082226694,1500,3,20.0974,20.1594
P,2,20220329 09:01:43,09:01:43,c,3,0.002898887,2.898887388,9.028130898,413.763,357.7233976,0.307098329,20.90197199,20.4135,59.42030859,1.00243665,-127.8409338,-38.01712856,1500,3,20.1221,20.4135
P,2,20220329 09:06:08,09:06:08,c,4,0.000519474,0.519473845,4.401538099,417.156,274.1069554,0.051759152,21.72900658,20.5346,59.63854789,1.007680297,-22.90879659,-42.48855312,1500.01,3,20.2096,20.5346
P,2,20220329 09:10:11,09:10:11,c,5,0.001140328,1.140328035,6.275400161,415.928,321.5518147,0.116124023,21.54298744,20.4262,59.26829486,1.000689276,-50.28846633,-28.60671053,1500,3,20.2053,20.4262
P,2,20220329 08:49:48,08:49:48,c,6,0.002062954,2.062953547,8.887676985,413.341,337.2129274,0.211519379,21.08456098,20.4927,59.70392672,1.014732099,-90.97625142,-58.87244163,1500,3,20.0394,20.4927
P,2,20220329 09:14:52,09:14:52,c,7,0.001843604,1.843604386,8.913553957,414.213,327.354753,0.183162151,21.25967043,20.7746,60.00836495,1.040622025,-81.30295341,-81.65137475,1500.01,3,20.146,20.7746
P,2,20220329 09:18:26,09:18:26,c,8,0.002733154,2.733153875,9.452148963,413.728,353.4573507,0.294849601,20.73776558,20.2791,60.23758031,0.982169444,-120.5320859,-48.69428626,1500,3,19.9057,20.2791
P,2,20220329 09:21:59,09:21:59,c,9,0.001770641,1.770640997,8.071930281,414.649,337.100691,0.186920324,20.63147621,19.945,59.69597812,0.981230272,-78.08526796,-58.68044365,1500.01,3,19.4924,19.945
P,2,20220329 09:24:58,09:24:58,c,10,0.002386347,2.386346718,10.51068361,413.097,351.7671189,0.316505856,19.84415143,18.6178,61.57177633,0.803670435,-105.2378903,36.96543492,1500.01,3,18.9017,18.6178
P,2,20220329 09:29:38,09:29:38,a,1,0.004407711,4.407711272,20.04235615,406.831,341.7546494,0.595770331,19.18810504,18.5127,59.54626657,0.836001658,-194.3800671,47.05764063,1500,3,18.8764,18.5127
P,2,20220329 09:33:33,09:33:33,a,2,0.005226655,5.22665534,15.00125333,409.784,367.2848946,0.733798816,19.13817099,18.515,59.18833037,0.827243589,-230.4955005,73.40054628,1500,3,19.0841,18.515
P,2,20220329 09:36:41,09:36:41,a,3,0.005021012,5.021012493,15.82376398,409.25,361.8425123,0.679089991,19.30076289,18.6422,58.61957925,0.848968419,-221.4266509,70.06234784,1500,3,19.1824,18.6422
P,2,20220329 09:39:53,09:39:53,a,4,0.005480238,5.480238153,18.18757008,407.797,355.3864377,0.704619109,19.26932458,19.0055,58.2528362,0.897501657,-241.6785025,37.50450122,1500,3,19.2952,19.0055
P,2,20220329 09:44:42,09:44:42,a,5,0.008076688,8.076688348,18.99785912,406.685,369.4200894,1.166098074,18.63786119,18.7991,57.52024316,0.870821718,-356.1819561,88.16026068,1500.01,3,19.4793,18.7991
P,2,20220329 09:48:29,09:48:29,a,6,0.005553886,5.553886207,14.85153251,409.744,366.1473226,0.710831605,19.48772184,19.0222,57.26975236,0.902421244,-244.9263817,66.81908885,1500,3,19.5366,19.0222
P,2,20220329 09:51:11,09:51:11,a,7,0.006061016,6.061016104,20.05272421,406.455,360.3198828,0.913443525,19.49475805,18.2687,56.88754532,0.796083514,-267.2908102,187.1770347,1499.99,3,19.7015,18.2687
P,2,20220329 09:57:55,09:57:55,a,8,0.004113802,4.113801844,13.72983175,410.768,352.1473778,0.454912897,20.27408906,19.7054,56.36469964,0.992027741,-181.4186613,21.43565961,1500,3,19.8708,19.7054
P,2,20220329 10:03:19,10:03:19,a,9,0.005335844,5.335843766,12.02730265,411.43,374.7994693,0.701247497,19.94370154,19.2698,58.49487201,0.87635579,-235.3107101,85.30857914,1500,3,19.9243,19.2698
P,2,20220329 10:06:54,10:06:54,a,10,0.006037906,6.037905768,15.59034683,409.179,366.3989575,0.771630959,19.73462502,19.7505,59.78679787,0.913273821,-266.2716444,23.98743119,1500,3,19.935,19.7505
B,1,20220419 11:02:59,11:02:59,c,1,0.002728141,2.728141174,9.395468467,413.722,336.33717,0.225068371,20.75343051,20.3874,49.39047719,1.251129411,-120.3110258,-61.60283461,1500.01,3,19.9074,20.3874
B,1,20220419 11:06:02,11:06:02,c,2,0.003028849,3.028849014,11.61711193,412.228,329.2104734,0.258071351,20.68627932,20.2357,49.67077656,1.219833656,-133.5722415,-38.20172783,1500,3,19.9399,20.2357
B,1,20220419 11:09:06,11:09:06,c,3,0.001945273,1.945272608,8.689587376,414.217,313.8702744,0.15446389,21.07321788,20.6579,49.69975531,1.2792667,-85.78652199,-87.15457453,1499.99,3,19.978,20.6579
B,1,20220419 11:12:01,11:12:01,c,4,0.002592597,2.592597489,12.31535834,411.927,312.6707727,0.223115092,20.83141995,20.0194,49.19397332,1.198888956,-114.3335493,-9.449005786,1500,3,19.9461,20.0194
B,1,20220419 11:14:59,11:14:59,c,5,0.003229002,3.229001934,11.04831411,412.57,338.1471514,0.278271824,20.7066852,20.1951,49.50433108,1.212338391,-142.3989853,-22.92557285,1500,3,20.0153,20.1951
B,1,20220419 11:17:21,11:17:21,c,6,0.002856481,2.85648061,12.59470259,411.738,318.0449473,0.244190405,20.77763832,20.1711,49.46784438,1.212712784,-125.9707949,-25.44699241,1500,3,19.973,20.1711
B,1,20220419 11:20:12,11:20:12,c,7,0.003806337,3.806337006,10.71360243,412.556,349.7334448,0.330129574,20.47540806,20.2205,49.56796913,1.217737428,-167.859462,-31.9924119,1500.01,3,19.9714,20.2205
B,1,20220419 11:23:00,11:23:00,c,8,0.001308708,1.308708476,7.611391215,415.157,287.0535707,0.102869367,21.27089973,20.58,49.26895335,1.277692237,-57.71404378,-77.47610119,1500,3,19.9775,20.58
B,1,20220419 11:26:07,11:26:07,c,9,0.003848497,3.848497231,10.73820475,412.57,351.3107281,0.340487249,20.49196351,20.1052,49.64595718,1.196945422,-169.7187279,-13.47153634,1500,3,20,20.1052
B,1,20220419 11:28:56,11:28:56,c,10,0.005486175,5.486175456,14.92263015,409.616,353.4850643,0.536396506,19.97305528,19.6049,49.50935713,1.127952984,-241.9403376,51.03765372,1500,3,20.0009,19.6049
B,1,20220419 10:00:26,10:00:26,a,1,0.010223003,10.22300297,17.1661182,407.187,373.0680441,1.232331297,18.43531049,19.0676,50.00993042,1.043545148,-450.8344309,115.0793693,1500,3,19.9644,19.0676
B,1,20220419 10:03:39,10:03:39,a,2,0.00715545,7.155449761,9.993850194,412.213,381.7042376,0.776578041,19.4477076,19.1748,49.54902215,1.066222827,-315.5553345,106.4135186,1500,3,20.0056,19.1748
B,1,20220419 10:07:01,10:07:01,a,3,0.010636872,10.63687172,19.30303238,405.877,369.6773666,1.299791025,18.325635,19.0002,49.6263092,1.04171578,-469.086043,126.4651025,1500,3,19.9855,19.0002
B,1,20220419 10:09:37,10:09:37,a,4,0.010056462,10.05646219,19.28957464,405.959,368.9943745,1.249564418,18.49208802,18.8351,49.85325042,1.015217631,-443.4899824,145.3671026,1500,3,19.9656,18.8351
B,1,20220419 10:11:44,10:11:44,a,5,0.011406733,11.40673272,18.61779377,406.069,374.2683717,1.501360758,18.06708211,18.644,49.36298572,1.000665541,-503.036913,170.1889281,1500.01,3,19.9671,18.644
B,1,20220419 10:15:01,10:15:01,a,6,0.00962064,9.620640191,18.01155131,406.94,369.4267584,1.134328148,18.66846345,19.0257,49.4295366,1.048418804,-424.2702324,125.8376834,1500.01,3,20.0053,19.0257
B,1,20220419 10:18:07,10:18:07,a,7,0.00873736,8.737359667,18.94210027,406.554,362.2790452,0.957918347,18.9432972,19.3659,49.6277363,1.091460452,-385.3175613,81.50269371,1500,3,20.0001,19.3659
B,1,20220419 10:22:23,10:22:23,a,8,0.008328608,8.328608118,15.41851398,408.856,370.3143165,0.915448547,19.0370245,19.319,49.87274575,1.081293177,-367.291618,83.13546181,1500,3,19.9703,19.319
B,1,20220419 10:26:36,10:26:36,a,9,0.007919196,7.91919555,12.54729545,410.51,375.9886978,0.846916439,19.17803951,19.4244,49.88964947,1.095373052,-349.2365238,70.84297112,1500,3,19.9748,19.4244
B,1,20220419 10:31:21,10:31:21,a,10,0.007946495,7.946495408,16.56493241,408.218,365.2928043,0.855694038,19.14503164,19.3904,49.96725166,1.090365156,-350.4404475,72.1575051,1500,3,19.9528,19.3904
B,1,20220426 08:40:30,8:40:30,c,1,0.006961715,6.961715344,12.49040497,408.68,368.435804,0.685728767,19.50477213,19.8277,49.56657846,1.158685846,-307.0116466,21.98053013,1500.01,3,19.9982,19.8277
B,1,20220426 08:44:28,8:44:28,c,2,0.006906148,6.906147537,15.37016832,408.533,362.7982201,0.720420802,19.50558427,19.4135,49.52558074,1.10187236,-304.5611064,73.21731669,1500,3,19.9817,19.4135
B,1,20220426 08:47:24,8:47:24,c,3,0.004102206,4.102206429,11.8927679,411.753,347.2799041,0.357271352,20.33814735,20.2453,49.55056337,1.224710391,-180.9073035,-40.71158073,1500,3,19.9308,20.2453
B,1,20220426 08:50:54,8:50:54,c,4,0.005207643,5.207642872,9.758491681,412.76,369.4859733,0.477173397,19.98550412,20.0882,49.89657756,1.19397187,-229.6570507,-21.00002904,1500.01,3,19.9255,20.0882
B,1,20220426 08:54:25,8:54:25,c,5,0.006455005,6.455005458,11.77062747,411.163,370.4423872,0.631382343,19.58308675,19.7783,49.71029878,1.154128333,-284.6657407,17.79710315,1500,3,19.9161,19.7783
B,1,20220426 08:57:51,8:57:51,c,6,0.004063157,4.063157464,9.802168559,413.123,359.0499981,0.36045623,20.34252501,20.1207,49.69779883,1.203666595,-179.1852442,-25.70584561,1500,3,19.9213,20.1207
B,1,20220426 09:01:39,9:01:39,c,7,0.008601685,8.601685284,9.757713295,412.017,385.8536851,0.958293458,18.88715041,19.2726,49.89012134,1.079612756,-379.334321,80.64413058,1499.99,3,19.8981,19.2726
B,1,20220426 09:05:00,9:05:00,c,8,0.008058447,8.058446875,11.7698669,410.936,378.2487269,0.854322754,19.09037931,19.5079,49.8262638,1.112031626,-355.3775072,54.28839515,1500,3,19.9279,19.5079
B,1,20220426 09:07:54,9:07:54,c,9,0.008037927,8.037927257,11.79698557,410.963,377.6954345,0.838424526,19.1338573,19.5775,49.47940285,1.127218649,-354.472592,50.18958038,1499.99,3,19.9667,19.5775
B,1,20220426 09:10:46,9:10:46,c,10,0.005766937,5.766936727,10.7708711,412.022,369.1146984,0.537136152,19.81312199,19.976,49.36957976,1.189655742,-254.3219097,-5.979383859,1500,3,19.9296,19.976
B,1,20220426 09:51:53,9:51:53,a,1,0.007615065,7.615065074,12.70050523,410.61,374.0406858,0.793489818,19.25288884,19.5744,49.8661368,1.118763161,-335.8243698,48.73435448,1500,3,19.9523,19.5744
B,1,20220426 09:54:37,9:54:37,a,2,0.006645267,6.645267277,18.18215818,407.501,353.0094682,0.690536052,19.59083015,19.3735,49.38325887,1.099462473,-293.0562869,78.85098238,1499.99,3,19.9834,19.3735
B,1,20220426 09:56:57,9:56:57,a,3,0.009656242,9.656241581,19.86456651,405.839,366.3494676,1.175835292,18.588486,18.9122,49.88207449,1.027551363,-425.8402537,131.4819122,1500.01,3,19.9314,18.9122
B,1,20220426 09:59:56,9:59:56,a,4,0.008667677,8.667676578,19.20651351,406.435,362.128125,0.967325434,18.91920354,19.2518,49.6810551,1.078255942,-382.2445371,89.91289886,1499.99,3,19.9444,19.2518
B,1,20220426 10:02:00,10:02:00,a,5,0.009390928,9.39092842,16.45740798,407.756,372.7714339,1.122412802,18.68595947,18.9336,49.56111123,1.037036168,-414.1399433,130.4928901,1499.99,3,19.9446,18.9336
B,1,20220426 10:05:16,10:05:16,a,6,0.006164943,6.164943103,11.27318206,411.589,373.0207218,0.639334342,19.6661087,19.357,49.8876808,1.090814763,-271.8739909,71.19460049,1500,3,19.9074,19.357
B,1,20220426 10:08:47,10:08:47,a,7,0.007142001,7.142000778,16.14674329,408.632,361.9312453,0.742246733,19.41387832,19.4627,49.46468826,1.111418283,-314.9622343,64.65636576,1500,3,19.9652,19.4627
B,1,20220426 10:10:56,10:10:56,a,8,0.009937424,9.937424419,18.04614722,406.753,370.0558024,1.174919118,18.52078804,19.1013,49.59786202,1.058607504,-438.2404169,109.86178,1500,3,19.9539,19.1013
B,1,20220426 10:13:33,10:13:33,a,9,0.009532377,9.532376615,17.75881355,407.025,369.0393078,1.097817582,18.6774277,19.1712,49.3928281,1.071283353,-420.3778087,104.4120816,1500.01,3,19.9792,19.1712
B,1,20220426 10:15:41,10:15:41,a,10,0.010001866,10.00186645,19.4191877,405.942,367.0738136,1.177871196,18.39741474,18.8242,48.16699282,1.061969269,-441.0823104,131.9702975,1500,3,19.8399,18.8242
B,1,20220503 08:47:50,8:47:50,c,1,0.003438425,3.438425321,10.38997137,410.336,339.8716599,0.27985836,21.07497135,20.9556,49.6616577,1.290238027,-151.6345567,-64.26374241,1500,3,20.4588,20.9556
B,1,20220503 08:52:12,8:52:12,c,2,0.004329972,4.329972293,12.25153957,411.139,349.7033358,0.389827837,20.41351037,20.1798,49.9444428,1.195258341,-190.9517781,-13.26415082,1500,3,20.0771,20.1798
B,1,20220503 08:56:52,8:56:52,c,3,0.004009019,4.009018738,13.13644966,411.084,338.7436099,0.345918714,20.43938719,20.3863,49.76331297,1.235457595,-176.7977263,-49.6531548,1500,3,20.0018,20.3863
B,1,20220503 09:01:42,9:01:42,c,4,0.0039884,3.988399874,12.32401811,411.657,344.1148942,0.350332365,20.43199866,20.2547,49.84621364,1.215074499,-175.8884344,-34.46223151,1500,3,19.9877,20.2547
B,1,20220503 09:06:20,9:06:20,c,5,0.002478928,2.478927792,9.474972401,413.677,328.467182,0.2030298,20.90523525,20.5547,49.75509332,1.26191687,-109.3207156,-73.49000871,1500,3,19.9857,20.5547
B,1,20220503 09:10:24,9:10:24,c,6,0.002073724,2.073724496,7.109369931,415.161,338.1134875,0.169351505,21.0314762,20.5336,49.87468747,1.256063742,-91.45125026,-70.95223009,1500.01,3,19.9842,20.5336
B,1,20220503 09:13:03,9:13:03,c,7,0.003930112,3.930111512,11.10367095,412.339,350.365492,0.347770311,20.41300442,20.1835,49.93529292,1.205282878,-173.3179177,-30.14494491,1500,3,19.9495,20.1835
B,1,20220503 09:16:06,9:16:06,c,8,0.003689951,3.68995061,10.86106694,412.488,347.510462,0.321125714,20.51004098,20.226,49.57757393,1.218271051,-162.7268219,-32.80020508,1500,3,19.9721,20.226
B,1,20220503 09:17:19,9:17:19,c,9,0.00363492,3.63492016,11.22999231,412.4,345.5016986,0.320684358,20.52394112,20.2079,50.18235207,1.201791879,-160.2999791,-30.99994547,1500.01,3,19.9673,20.2079
B,1,20220503 09:20:51,9:20:51,c,10,0.003465464,3.465463667,11.96858528,412.005,335.1792805,0.292203661,20.59155426,20.4718,49.76944834,1.249461547,-152.8269477,-63.17077566,1499.99,3,19.982,20.4718
B,1,20220503 10:04:46,10:04:46,a,1,0.007775722,7.775721795,8.905622516,412.648,382.9905097,0.741620925,19.07903627,19.3465,44.82905326,1.212511081,-342.9093311,62.19896809,1500,3,19.8279,19.3465
B,1,20220503 10:09:52,10:09:52,a,2,0.008700049,8.700048554,13.29341656,409.856,377.1012922,0.972817103,18.87869254,19.2403,49.5803414,1.080557877,-383.6721412,87.79649089,1500,3,19.9228,19.2403
B,1,20220503 10:13:56,10:13:56,a,3,0.006264688,6.264687766,11.62163041,411.414,371.8864556,0.641670262,19.6749364,19.4868,49.87879169,1.106369029,-276.2727305,59.55586527,1500.02,3,19.948,19.4868
B,1,20220503 10:18:48,10:18:48,a,4,0.007722733,7.722733009,11.44324375,411.135,378.4630378,0.824110164,19.25867065,19.4246,49.66235181,1.099724571,-340.5725257,73.10522086,1500.01,3,19.9887,19.4246
B,1,20220503 10:29:14,10:29:14,a,5,0.007424485,7.424485389,14.96536381,409.154,368.5764884,0.816208155,19.34848038,19.1889,49.71787568,1.065764464,-327.4198057,103.1844934,1500,3,19.9842,19.1889
B,1,20220503 10:24:22,10:24:22,a,6,0.009199944,9.199944042,14.49225818,409.086,377.1627419,1.103600585,18.79424524,18.9465,49.75048942,1.030941419,-405.7175323,135.023925,1500,3,19.9922,18.9465
B,1,20220503 10:33:25,10:33:25,a,7,0.007738086,7.738086306,12.93111404,410.317,374.2114187,0.82162685,19.2627511,19.4743,49.6976571,1.105104429,-341.2496061,67.88334476,1500,3,19.9998,19.4743
B,1,20220503 10:37:09,10:37:09,a,8,0.008285597,8.285597195,11.31277499,411.268,381.3031957,0.920971221,19.02579231,19.2396,49.67182727,1.077029249,-365.3948363,89.99250133,1500,3,19.9408,19.2396
B,1,20220503 10:40:53,10:40:53,a,9,0.0100255,10.02550005,15.24755977,408.417,377.1760037,1.216761074,18.51658599,19.0536,50.0341477,1.040057911,-442.1245524,119.0674064,1500,3,19.978,19.0536
B,1,20220503 10:45:09,10:45:09,a,10,0.007561389,7.561389363,12.1064208,410.844,376.0708954,0.80356727,19.30077309,19.455,49.82986299,1.100479454,-333.4572709,68.1211183,1500,3,19.9832,19.455
B,2,20220419 11:31:59,11:31:59,c,1,0.001975871,1.975870869,10.55617875,413.157,297.5861453,0.160862814,21.08791689,20.4207,49.35054201,1.250139366,-87.1359053,-53.54528927,1500,3,20.0034,20.4207
B,2,20220419 11:34:22,11:34:22,c,2,0.002526517,2.526516677,10.49137201,413.108,323.1256561,0.211646571,20.83981517,20.2638,49.48965534,1.228909386,-111.4193854,-42.83601338,1500,3,19.9301,20.2638
B,2,20220419 11:38:02,11:38:02,c,3,0.004946115,4.946115062,16.13219605,409,341.2817195,0.464250614,20.05790387,19.8305,49.85870372,1.158291807,-218.1236742,10.74132128,1500,3,19.9144,19.8305
B,2,20220419 11:40:39,11:40:39,c,4,0.004559203,4.559202588,13.73284777,410.702,346.7954538,0.419280809,20.28525709,19.9025,49.4419384,1.170869536,-201.0608341,15.01598631,1500,3,20.0195,19.9025
B,2,20220419 11:43:34,11:43:34,c,5,0.00476768,4.767680434,14.05908274,410.492,345.3457947,0.42215618,20.17816807,20.2466,49.77141152,1.21628566,-210.2547071,-34.42753086,1500,3,19.9787,20.2466
B,2,20220419 11:47:03,11:47:03,c,6,0.005581253,5.581253,13.54025031,410.452,358.7964699,0.537442955,19.91855147,19.7509,49.72659951,1.145472144,-246.1332573,29.06533229,1500,3,19.9764,19.7509
B,2,20220419 11:50:18,11:50:18,c,7,0.001876861,1.876861182,9.977067866,413.527,297.4260864,0.151102958,21.11682985,20.5437,49.66351266,1.261212476,-82.76957812,-69.55536092,1500,3,20.0024,20.5437
B,2,20220419 11:54:02,11:54:02,c,8,0.001911054,1.911053605,11.13286441,412.935,283.0013875,0.149608364,21.10119274,20.7443,49.47030845,1.296312126,-84.27746396,-95.96626817,1499.99,3,19.9971,20.7443
B,2,20220419 11:57:10,11:57:10,c,9,0.0017455,1.745499614,10.1685971,413.539,287.5517461,0.140740497,21.11802726,20.5143,49.80268138,1.256362459,-76.97653298,-70.87735742,1500.01,3,19.9635,20.5143
B,2,20220419 12:01:25,12:01:25,c,10,0.001153285,1.153285084,8.12090489,414.853,266.1490979,0.093303027,21.31441575,20.4122,49.86687389,1.238922463,-50.85987222,-56.48810527,1500,3,19.9735,20.4122
B,2,20220419 10:35:23,10:35:23,a,1,0.008023311,8.023311073,16.73262799,408.074,365.2196433,0.867175717,19.07500204,19.4086,50.29662501,1.088618538,-353.8280183,63.91797001,1500,3,19.9061,19.4086
B,2,20220419 10:38:06,10:38:06,a,2,0.008057554,8.057554202,15.19588038,408.969,368.766449,0.851797094,19.10361381,19.4147,49.31953049,1.109560319,-355.3381403,68.1417101,1500,3,19.9441,19.4147
B,2,20220419 10:41:43,10:41:43,a,3,0.007246633,7.246632743,17.26806823,407.845,358.793931,0.750995348,19.33884955,19.4746,49.68994269,1.110725091,-319.576504,57.76485632,1500,3,19.9249,19.4746
B,2,20220419 10:44:35,10:44:35,a,4,0.008401974,8.401974473,13.55111724,409.812,375.2628348,0.922095113,19.06440171,19.3112,49.59298256,1.083505157,-370.5270742,90.464174,1499.99,3,20.0154,19.3112
B,2,20220419 10:47:03,10:47:03,a,5,0.006757549,6.757548535,13.86067261,410.032,365.391801,0.669039334,19.53764354,19.7268,49.66081237,1.144086915,-298.0078904,31.04518884,1500.01,3,19.9691,19.7268
B,2,20220419 10:49:29,10:49:29,a,6,0.007703922,7.703922438,15.69302333,408.703,366.4909579,0.822634986,19.23201332,19.3141,49.38802987,1.092676963,-339.7429795,83.22965386,1500,3,19.9603,19.3141
B,2,20220419 10:51:25,10:51:25,a,7,0.007560728,7.560728153,15.62012511,408.876,365.7202912,0.795187497,19.28264883,19.3887,49.36726236,1.103305582,-333.4281116,74.30783236,1500,3,19.9648,19.3887
B,2,20220419 10:53:19,10:53:19,a,8,0.005870638,5.870637671,13.802634,410.36,360.0119104,0.567953449,19.82189527,19.6234,48.87175395,1.147620628,-258.8951213,44.69488061,1499.99,3,19.9717,19.6234
B,2,20220419 10:56:27,10:56:27,a,9,0.007169661,7.169660564,13.24317249,410.368,371.3200666,0.754785713,19.37020313,19.2967,49.35348497,1.093396114,-316.1820309,81.60663299,1499.99,3,19.9275,19.2967
B,2,20220419 10:59:13,10:59:13,a,10,0.008101781,8.10178058,14.83434645,409.104,370.0343006,0.862362538,19.13199665,19.4027,49.28071185,1.105505527,-357.2885236,75.2496959,1500,3,19.9899,19.4027
B,2,20220426 09:13:45,9:13:45,c,1,0.004442822,4.442821616,9.126356917,413.322,365.6278644,0.392409511,20.25905875,20.2001,49.50916131,1.21705723,-195.9284333,-31.24584291,1500.01,3,19.9583,20.2001
B,2,20220426 09:17:19,9:17:19,c,2,0.005642784,5.642784402,9.259192855,412.999,374.9365706,0.533495931,19.84714973,19.9292,49.88704858,1.171157784,-248.8467921,-0.618796258,1500.01,3,19.9244,19.9292
B,2,20220426 09:22:31,9:22:31,c,3,0.004133414,4.133413654,12.1144898,411.733,347.194371,0.363720541,20.37831519,20.2209,49.67052842,1.214925326,-182.2835421,-31.20971937,1500,3,19.9779,20.2209
B,2,20220426 09:25:38,9:25:38,c,4,0.007497389,7.497389063,13.09412244,410.321,371.4375628,0.757983878,19.29124546,19.7012,49.47356714,1.145806976,-330.6348577,32.66711208,1500,3,19.9552,19.7012
B,2,20220426 09:28:50,9:28:50,c,5,0.006934158,6.934158357,14.81585533,409.346,362.6344128,0.679080328,19.45594341,19.7499,49.0417171,1.164007643,-305.7963836,24.50162948,1500,3,19.9394,19.7499
B,2,20220426 09:32:04,9:32:04,c,6,0.004574158,4.574158186,13.80862119,410.539,344.034437,0.403520098,20.17719302,20.2248,49.58752082,1.221784126,-201.720376,-39.66124916,1500,3,19.9175,20.2248
B,2,20220426 09:35:38,9:35:38,c,7,0.006642139,6.642138831,7.949078078,413.532,385.0184214,0.673748039,19.51854065,19.5953,49.93827703,1.123045026,-292.9183224,40.713283,1500.01,3,19.9108,19.5953
B,2,20220426 09:38:55,9:38:55,c,8,0.005484836,5.484836014,12.2939247,411.309,361.5107886,0.509646209,19.87911039,20.0156,49.84967673,1.185857833,-241.8812682,-14.07928583,1500,3,19.9065,20.0156
B,2,20220426 09:42:12,9:42:12,c,9,0.00390047,3.90046962,11.47313349,412.095,347.9556972,0.345011631,20.4086685,20.1486,49.85319223,1.202714468,-172.0107103,-27.07988234,1500,3,19.9408,20.1486
B,2,20220426 09:45:35,9:45:35,c,10,0.003545448,3.545448173,12.57137808,411.481,335.3167405,0.309735962,20.5149947,20.2078,49.9763427,1.209129307,-156.3542644,-35.63556931,1500,3,19.9324,20.2078
B,2,20220426 10:20:07,10:20:07,a,1,0.008439611,8.439611261,18.98309002,406.552,360.9823895,0.921512585,19.03474855,19.3794,49.59488292,1.094494833,-372.1868566,79.31950718,1500.01,3,19.995,19.3794
B,2,20220426 10:23:53,10:23:53,a,2,0.00699066,6.990659786,14.75216127,409.434,365.9744975,0.73589034,19.46928926,19.4136,49.82904928,1.095532594,-308.2880965,71.98864185,1500,3,19.9712,19.4136
B,2,20220426 10:26:33,10:26:33,a,3,0.009290618,9.290617738,17.89222181,406.999,366.8126311,1.026960918,18.76826175,19.4448,49.70683063,1.101362005,-409.7162423,70.76457441,1499.99,3,19.991,19.4448
B,2,20220426 10:31:12,10:31:12,a,4,0.008195229,8.195228836,18.65241741,406.797,359.6190097,0.864624098,19.07170953,19.5214,49.46146353,1.12058749,-361.4095917,55.80424964,1500,3,19.9541,19.5214
B,2,20220426 10:35:06,10:35:06,a,5,0.008271419,8.271419369,14.54591349,409.221,371.2128226,0.876231457,19.02111754,19.5419,49.81134701,1.117569708,-364.7695942,49.39804178,1500,3,19.9227,19.5419
B,2,20220426 10:37:29,10:37:29,a,6,0.008468441,8.468440965,17.78395701,407.208,364.6742382,0.937108435,19.04123269,19.2055,49.01979292,1.082829343,-373.4582466,103.685606,1500,3,20.0068,19.2055
B,2,20220426 10:40:33,10:40:33,a,7,0.00798152,7.98151999,12.45080197,410.561,376.8024637,0.864635256,19.18603489,19.3023,49.22761247,1.091843683,-351.9850316,90.11099302,1500,3,20.0014,19.3023
B,2,20220426 10:43:18,10:43:18,a,8,0.008692626,8.692626419,18.63233166,406.772,360.444592,0.891392757,18.9703492,19.6654,48.53955893,1.158759151,-383.3448251,44.34081858,1500,3,20.009,19.6654
B,2,20220426 10:45:38,10:45:38,a,9,0.008782106,8.782106346,17.39709338,407.417,365.7373547,0.946938066,18.89101324,19.4473,49.25809784,1.114347542,-387.2908898,66.11524465,1500,3,19.9615,19.4473
B,2,20220426 10:49:04,10:49:04,a,10,0.008928946,8.928945962,18.79434405,406.594,363.6160134,0.98878755,18.81551973,19.3739,49.79168984,1.093582629,-393.7665169,71.85227558,1500,3,19.933,19.3739
B,2,20220503 09:24:09,9:24:09,c,1,0.005311272,5.31127248,11.81819533,411.528,362.1140461,0.492906296,20.02724625,19.9446,49.1714688,1.184717743,-234.2271164,7.13077977,1500,3,19.9999,19.9446
B,2,20220503 09:27:24,9:27:24,c,2,0.004395605,4.395604637,11.91915527,411.782,352.2853572,0.394166249,20.33036203,20.0245,48.920366,1.201179892,-193.8461645,-1.303521266,1500,3,20.0144,20.0245
B,2,20220503 09:31:08,9:31:08,c,3,0.006505928,6.505927637,10.95625606,411.858,373.2780808,0.629738833,19.65472885,19.8719,49.44242634,1.16756729,-286.9114088,17.03292963,1500,3,20.0038,19.8719
B,2,20220503 09:37:15,9:37:15,c,4,0.002951457,2.951456843,8.887164798,413.885,346.9099216,0.250969487,20.77401843,20.3173,49.63326855,1.228037376,-130.1592468,-40.40825407,1500.01,3,20.0053,20.3173
B,2,20220503 09:40:38,9:40:38,c,5,0.002764746,2.764746262,8.712938374,414.024,344.4020718,0.234717237,20.77629577,20.2267,49.32938627,1.225847463,-121.9253102,-35.97946967,1500,3,19.9489,20.2267
B,2,20220503 09:44:09,9:44:09,c,6,0.004094044,4.094043624,10.80041587,412.521,353.7122676,0.360479824,20.38721772,20.1332,49.14684212,1.214437318,-180.5473238,-20.2483955,1500,3,19.9764,20.1332
B,2,20220503 09:46:36,9:46:36,c,7,0.004760067,4.760066709,10.18212652,412.601,363.1512172,0.421537582,20.15458278,20.0793,48.509139,1.223092215,-209.9189419,-16.22275865,1499.99,3,19.9538,20.0793
B,2,20220503 09:49:36,9:49:36,c,8,0.004318931,4.318931116,9.852293474,413.026,361.4947043,0.38511676,20.29929285,20.0347,48.95921236,1.205726195,-190.4648622,-9.814549177,1500.01,3,19.9585,20.0347
B,2,20220503 09:55:19,9:55:19,c,9,0.005236626,5.236625987,13.02377963,410.914,356.6880337,0.486010888,20.03473912,20.0376,49.8943287,1.182415233,-230.935206,-6.93487569,1500,3,19.984,20.0376
B,2,20220503 09:58:51,9:58:51,c,10,0.003019849,3.019848556,9.239245689,413.723,345.1114472,0.254410246,20.76736916,20.3659,49.37003969,1.240678443,-133.1753213,-45.0770155,1500,3,20.0155,20.3659
B,2,20220503 10:49:52,10:49:52,a,1,0.010005685,10.00568492,18.13704701,406.772,370.3832003,1.193978172,18.53673803,19.0905,49.69850273,1.052451341,-441.2507048,115.8482935,1500,3,19.9859,19.0905
B,2,20220503 10:53:17,10:53:17,a,2,0.009140027,9.14002663,15.89695771,408.317,372.8270288,1.059939472,18.80398951,19.1276,49.68411996,1.058032613,-403.0751744,110.4965638,1500.01,3,19.9844,19.1276
B,2,20220503 10:57:40,10:57:40,a,3,0.007744393,7.744393221,13.61756144,409.814,372.8539206,0.839258877,19.23218716,19.3022,49.5579149,1.086294484,-341.5277411,86.42358664,1500,3,19.9706,19.3022
B,2,20220503 11:04:13,11:04:13,a,4,0.008713883,8.713882654,17.09288729,407.706,367.0531172,0.956429065,18.94021354,19.3966,49.65677873,1.096260913,-384.2822251,75.92141373,1500.01,3,19.9839,19.3966
B,2,20220503 11:08:20,11:08:20,a,5,0.0091561,9.15609991,18.86565756,406.369,364.7842685,1.037279592,18.78489664,19.2625,49.62906768,1.078935783,-403.784006,91.39266421,1500.01,3,19.9726,19.2625
B,2,20220503 11:12:32,11:12:32,a,6,0.009514824,9.514823821,11.70573836,410.557,383.6611204,1.124217206,18.68827095,19.0991,49.80839711,1.0508691,-419.6037305,114.5529273,1500,3,19.9886,19.0991
B,2,20220503 11:17:56,11:17:56,a,7,0.008295298,8.295297725,15.50717937,408.697,370.1171994,0.916374245,19.08662167,19.2561,49.43386217,1.080835409,-365.8226297,95.96170926,1500,3,19.9974,19.2561
B,2,20220503 11:22:57,11:22:57,a,8,0.008701411,8.701411374,13.919929,409.635,376.0460839,0.985662297,18.95660202,19.2188,49.7329769,1.068494744,-383.7322416,100.584163,1500,3,19.9991,19.2188
B,2,20220503 11:27:24,11:27:24,a,9,0.010124213,10.12421257,15.88358652,408.02,376.0196341,1.23264771,18.48826421,19.0103,49.77434201,1.039794386,-446.4777744,125.1044735,1500,3,19.9833,19.0103
B,2,20220503 11:31:52,11:31:52,a,10,0.008773254,8.773254222,14.30406214,409.314,376.4572385,1.040430219,18.91413718,18.9645,49.91781707,1.030567654,-386.9005112,130.8236888,1500,3,19.9773,18.9645
